name	tool_id	tool_version	count
Apply rules	__APPLY_RULES__	1.1.0	2
Call variants	toolshed.g2.bx.psu.edu/repos/iuc/lofreq_call/lofreq_call/2.1.5+galaxy3	2.1.5+galaxy3	1
Collapse Collection	toolshed.g2.bx.psu.edu/repos/nml/collapse_collections/collapse_dataset/5.1.0	5.1.0	1
Compress file(s)	toolshed.g2.bx.psu.edu/repos/iuc/compress_file/compress_file/0.1.0	0.1.0	1
Compute sequence length	toolshed.g2.bx.psu.edu/repos/devteam/fasta_compute_length/fasta_compute_length/1.0.3	1.0.3	1
Concatenate datasets	toolshed.g2.bx.psu.edu/repos/bgruening/text_processing/tp_cat/0.1.1	0.1.1	1
Concatenate datasets	toolshed.g2.bx.psu.edu/repos/bgruening/text_processing/tp_cat/9.5+galaxy3	9.5+galaxy3	1
Create single interval	createInterval	1.0.0	2
Cut	Cut1	1.0.2	4
Extract element identifiers	toolshed.g2.bx.psu.edu/repos/iuc/collection_element_identifiers/collection_element_identifiers/0.0.2	0.0.2	2
Falco	toolshed.g2.bx.psu.edu/repos/iuc/falco/falco/1.3.2+galaxy0	1.3.2+galaxy0	1
Filter	Filter1	1.1.1	1
Filter sequences by length	toolshed.g2.bx.psu.edu/repos/devteam/fasta_filter_by_length/fasta_filter_by_length/1.2	1.2	2
Insert indel qualities	toolshed.g2.bx.psu.edu/repos/iuc/lofreq_indelqual/lofreq_indelqual/2.1.5+galaxy1	2.1.5+galaxy1	1
Kraken2	toolshed.g2.bx.psu.edu/repos/iuc/kraken2/kraken2/2.1.1+galaxy1	2.1.1+galaxy1	1
Kraken2	toolshed.g2.bx.psu.edu/repos/iuc/kraken2/kraken2/2.17.1+galaxy0	2.17.1+galaxy0	2
Krakentools: Convert kraken report file	toolshed.g2.bx.psu.edu/repos/iuc/krakentools_kreport2krona/krakentools_kreport2krona/1.2+galaxy2	1.2+galaxy2	1
Krakentools: Extract Kraken Reads By ID	toolshed.g2.bx.psu.edu/repos/iuc/krakentools_extract_kraken_reads/krakentools_extract_kraken_reads/1.2.1+galaxy0	1.2.1+galaxy0	2
Lofreq filter	toolshed.g2.bx.psu.edu/repos/iuc/lofreq_filter/lofreq_filter/2.1.5+galaxy0	2.1.5+galaxy0	2
MEGAHIT	toolshed.g2.bx.psu.edu/repos/iuc/megahit/megahit/1.2.9+galaxy2	1.2.9+galaxy2	1
Map parameter value	toolshed.g2.bx.psu.edu/repos/iuc/map_param_value/map_param_value/0.2.0	0.2.0	3
Map with BWA-MEM	toolshed.g2.bx.psu.edu/repos/devteam/bwa/bwa_mem/0.7.19+galaxy1	0.7.19+galaxy1	2
Parse parameter value	param_value_from_file	0.1.0	4
Pick parameter value	toolshed.g2.bx.psu.edu/repos/iuc/pick_value/pick_value/0.2.0	0.2.0	11
QualiMap BamQC	toolshed.g2.bx.psu.edu/repos/iuc/qualimap_bamqc/qualimap_bamqc/2.3+galaxy0	2.3+galaxy0	2
Quast	toolshed.g2.bx.psu.edu/repos/iuc/quast/quast/5.3.0+galaxy1	5.3.0+galaxy1	2
Realign reads	toolshed.g2.bx.psu.edu/repos/iuc/lofreq_viterbi/lofreq_viterbi/2.1.5+galaxy0	2.1.5+galaxy0	1
Relabel identifiers	__RELABEL_FROM_FILE__	1.1.0	1
Replace	toolshed.g2.bx.psu.edu/repos/bgruening/text_processing/tp_find_and_replace/9.5+galaxy3	9.5+galaxy3	1
SPAdes	toolshed.g2.bx.psu.edu/repos/nml/spades/spades/4.3.0+galaxy1	4.3.0+galaxy1	1
Samtools sort	toolshed.g2.bx.psu.edu/repos/devteam/samtools_sort/samtools_sort/2.0.8	2.0.8	1
Samtools view	toolshed.g2.bx.psu.edu/repos/iuc/samtools_view/samtools_view/1.22+galaxy2	1.22+galaxy2	5
Select first	toolshed.g2.bx.psu.edu/repos/bgruening/text_processing/tp_head_tool/1.1.0	1.1.0	4
SnpEff build:	toolshed.g2.bx.psu.edu/repos/iuc/snpeff/snpEff_build_gb/5.4+galaxy0	5.4+galaxy0	1
SnpEff eff:	toolshed.g2.bx.psu.edu/repos/iuc/snpeff/snpEff/5.4+galaxy0	5.4+galaxy0	1
SnpSift Extract Fields	toolshed.g2.bx.psu.edu/repos/iuc/snpsift/snpSift_extractFields/4.3+t.galaxy0	4.3+t.galaxy0	2
Sort	toolshed.g2.bx.psu.edu/repos/bgruening/text_processing/tp_sort_header_tool/1.1.1	1.1.1	2
Split BAM by reference	toolshed.g2.bx.psu.edu/repos/iuc/bamtools_split_ref/bamtools_split_ref/2.5.2+galaxy2	2.5.2+galaxy2	2
Split by group	toolshed.g2.bx.psu.edu/repos/bgruening/split_file_on_column/tp_split_on_column/0.6	0.6	1
Visualize  with Krona	toolshed.g2.bx.psu.edu/repos/saskia-hiltemann/krona_text/krona-text/1	1	1
Zip collections	__ZIP_COLLECTION__	1.0.0	1
bcftools norm	toolshed.g2.bx.psu.edu/repos/iuc/bcftools_norm/bcftools_norm/1.24+galaxy0	1.24+galaxy0	2
bedtools Convert from BAM to FastQ	toolshed.g2.bx.psu.edu/repos/iuc/bedtools/bedtools_bamtofastq/2.27.1	2.27.1	1
bedtools MaskFastaBed	toolshed.g2.bx.psu.edu/repos/iuc/bedtools/bedtools_maskfastabed/2.31.1	2.31.1	1
cap3	toolshed.g2.bx.psu.edu/repos/artbio/cap3/cap3/2.0.0	2.0.0	1
fastp	toolshed.g2.bx.psu.edu/repos/iuc/fastp/fastp/1.3.6+galaxy0	1.3.6+galaxy0	1
ivar consensus	toolshed.g2.bx.psu.edu/repos/iuc/ivar_consensus/ivar_consensus/1.4.4+galaxy0	1.4.4+galaxy0	2
ivar trim	toolshed.g2.bx.psu.edu/repos/iuc/ivar_trim/ivar_trim/1.4.4+galaxy1	1.4.4+galaxy1	1
ivar variants	toolshed.g2.bx.psu.edu/repos/iuc/ivar_variants/ivar_variants/1.4.4+galaxy0	1.4.4+galaxy0	1
seqtk_subseq	toolshed.g2.bx.psu.edu/repos/iuc/seqtk/seqtk_subseq/1.5+galaxy0	1.5+galaxy0	1
