workflow_path	step_id	name	tool_id	tool_version
root/Consensus creation with ivar v.0.3[27]	7	Apply rules	__APPLY_RULES__	1.1.0
root/Consensus creation with ivar v.0.3[27]	12	Apply rules	__APPLY_RULES__	1.1.0
root/Call variants with lofreq v.0.1[25]	8	Call variants	toolshed.g2.bx.psu.edu/repos/iuc/lofreq_call/lofreq_call/2.1.5+galaxy3	2.1.5+galaxy3
root/Reference Preparation v.0.6[20]	7	Collapse Collection	toolshed.g2.bx.psu.edu/repos/nml/collapse_collections/collapse_dataset/5.1.0	5.1.0
root/Mapping with BW-MEM v.0.4[22]/Extract fastq v.0.2[12]	4	Compress file(s)	toolshed.g2.bx.psu.edu/repos/iuc/compress_file/compress_file/0.1.0	0.1.0
root/Reference Preparation v.0.6[20]/Bed for masking v.0.4[5]	14	Compute sequence length	toolshed.g2.bx.psu.edu/repos/devteam/fasta_compute_length/fasta_compute_length/1.0.3	1.0.3
root/Reference Preparation v.0.6[20]/Bed for masking v.0.4[5]	20	Concatenate datasets	toolshed.g2.bx.psu.edu/repos/bgruening/text_processing/tp_cat/0.1.1	0.1.1
root/De novo assembly v.0.8[23]	12	Concatenate datasets	toolshed.g2.bx.psu.edu/repos/bgruening/text_processing/tp_cat/9.5+galaxy3	9.5+galaxy3
root/Reference Preparation v.0.6[20]/Bed for masking v.0.4[5]	15	Create single interval	createInterval	1.0.0
root/Reference Preparation v.0.6[20]/Bed for masking v.0.4[5]	19	Create single interval	createInterval	1.0.0
root/Reference Preparation v.0.6[20]/Bed for masking v.0.4[5]	2	Cut	Cut1	1.0.2
root/Reference Preparation v.0.6[20]/Bed for masking v.0.4[5]	3	Cut	Cut1	1.0.2
root/Reference Preparation v.0.6[20]/Bed for masking v.0.4[5]	4	Cut	Cut1	1.0.2
root/Reference Preparation v.0.6[20]/Bed for masking v.0.4[5]	17	Cut	Cut1	1.0.2
root/Consensus creation with ivar v.0.3[27]	8	Extract element identifiers	toolshed.g2.bx.psu.edu/repos/iuc/collection_element_identifiers/collection_element_identifiers/0.0.2	0.0.2
root/Consensus creation with ivar v.0.3[27]	9	Extract element identifiers	toolshed.g2.bx.psu.edu/repos/iuc/collection_element_identifiers/collection_element_identifiers/0.0.2	0.0.2
root/Fastq paired end QC v.0.1[21]	4	Falco	toolshed.g2.bx.psu.edu/repos/iuc/falco/falco/1.3.2+galaxy0	1.3.2+galaxy0
root/Basic metagenomics v.0.1[24]	3	Filter	Filter1	1.1.1
root/De novo assembly v.0.8[23]	7	Filter sequences by length	toolshed.g2.bx.psu.edu/repos/devteam/fasta_filter_by_length/fasta_filter_by_length/1.2	1.2
root/De novo assembly v.0.8[23]	10	Filter sequences by length	toolshed.g2.bx.psu.edu/repos/devteam/fasta_filter_by_length/fasta_filter_by_length/1.2	1.2
root/Call variants with lofreq v.0.1[25]	7	Insert indel qualities	toolshed.g2.bx.psu.edu/repos/iuc/lofreq_indelqual/lofreq_indelqual/2.1.5+galaxy1	2.1.5+galaxy1
root/Basic metagenomics v.0.1[24]	1	Kraken2	toolshed.g2.bx.psu.edu/repos/iuc/kraken2/kraken2/2.1.1+galaxy1	2.1.1+galaxy1
root/De novo assembly v.0.8[23]	4	Kraken2	toolshed.g2.bx.psu.edu/repos/iuc/kraken2/kraken2/2.17.1+galaxy0	2.17.1+galaxy0
root/De novo assembly v.0.8[23]	14	Kraken2	toolshed.g2.bx.psu.edu/repos/iuc/kraken2/kraken2/2.17.1+galaxy0	2.17.1+galaxy0
root/Basic metagenomics v.0.1[24]	4	Krakentools: Convert kraken report file	toolshed.g2.bx.psu.edu/repos/iuc/krakentools_kreport2krona/krakentools_kreport2krona/1.2+galaxy2	1.2+galaxy2
root/De novo assembly v.0.8[23]	5	Krakentools: Extract Kraken Reads By ID	toolshed.g2.bx.psu.edu/repos/iuc/krakentools_extract_kraken_reads/krakentools_extract_kraken_reads/1.2.1+galaxy0	1.2.1+galaxy0
root/De novo assembly v.0.8[23]	15	Krakentools: Extract Kraken Reads By ID	toolshed.g2.bx.psu.edu/repos/iuc/krakentools_extract_kraken_reads/krakentools_extract_kraken_reads/1.2.1+galaxy0	1.2.1+galaxy0
root/Call variants with ivar v.0.2[26]	10	Lofreq filter	toolshed.g2.bx.psu.edu/repos/iuc/lofreq_filter/lofreq_filter/2.1.5+galaxy0	2.1.5+galaxy0
root/Call variants with lofreq v.0.1[25]	9	Lofreq filter	toolshed.g2.bx.psu.edu/repos/iuc/lofreq_filter/lofreq_filter/2.1.5+galaxy0	2.1.5+galaxy0
root/De novo assembly v.0.8[23]	6	MEGAHIT	toolshed.g2.bx.psu.edu/repos/iuc/megahit/megahit/1.2.9+galaxy2	1.2.9+galaxy2
root/Build SnpEff db[19]	2	Map parameter value	toolshed.g2.bx.psu.edu/repos/iuc/map_param_value/map_param_value/0.2.0	0.2.0
root/Mapping with BW-MEM v.0.4[22]	6	Map parameter value	toolshed.g2.bx.psu.edu/repos/iuc/map_param_value/map_param_value/0.2.0	0.2.0
root/Reference Preparation v.0.6[20]	2	Map parameter value	toolshed.g2.bx.psu.edu/repos/iuc/map_param_value/map_param_value/0.2.0	0.2.0
root/De novo assembly v.0.8[23]	16	Map with BWA-MEM	toolshed.g2.bx.psu.edu/repos/devteam/bwa/bwa_mem/0.7.19+galaxy1	0.7.19+galaxy1
root/Mapping with BW-MEM v.0.4[22]	8	Map with BWA-MEM	toolshed.g2.bx.psu.edu/repos/devteam/bwa/bwa_mem/0.7.19+galaxy1	0.7.19+galaxy1
root/Reference Preparation v.0.6[20]/Bed for masking v.0.4[5]	11	Parse parameter value	param_value_from_file	0.1.0
root/Reference Preparation v.0.6[20]/Bed for masking v.0.4[5]	12	Parse parameter value	param_value_from_file	0.1.0
root/Reference Preparation v.0.6[20]/Bed for masking v.0.4[5]	13	Parse parameter value	param_value_from_file	0.1.0
root/Reference Preparation v.0.6[20]/Bed for masking v.0.4[5]	18	Parse parameter value	param_value_from_file	0.1.0
root	28	Pick parameter value	toolshed.g2.bx.psu.edu/repos/iuc/pick_value/pick_value/0.2.0	0.2.0
root/Basic metagenomics v.0.1[24]	2	Pick parameter value	toolshed.g2.bx.psu.edu/repos/iuc/pick_value/pick_value/0.2.0	0.2.0
root/Build SnpEff db[19]	3	Pick parameter value	toolshed.g2.bx.psu.edu/repos/iuc/pick_value/pick_value/0.2.0	0.2.0
root/Build SnpEff db[19]	5	Pick parameter value	toolshed.g2.bx.psu.edu/repos/iuc/pick_value/pick_value/0.2.0	0.2.0
root/Call variants with ivar v.0.2[26]	14	Pick parameter value	toolshed.g2.bx.psu.edu/repos/iuc/pick_value/pick_value/0.2.0	0.2.0
root/Call variants with ivar v.0.2[26]	15	Pick parameter value	toolshed.g2.bx.psu.edu/repos/iuc/pick_value/pick_value/0.2.0	0.2.0
root/Call variants with ivar v.0.2[26]	17	Pick parameter value	toolshed.g2.bx.psu.edu/repos/iuc/pick_value/pick_value/0.2.0	0.2.0
root/Mapping with BW-MEM v.0.4[22]	7	Pick parameter value	toolshed.g2.bx.psu.edu/repos/iuc/pick_value/pick_value/0.2.0	0.2.0
root/Mapping with BW-MEM v.0.4[22]	13	Pick parameter value	toolshed.g2.bx.psu.edu/repos/iuc/pick_value/pick_value/0.2.0	0.2.0
root/Reference Preparation v.0.6[20]	3	Pick parameter value	toolshed.g2.bx.psu.edu/repos/iuc/pick_value/pick_value/0.2.0	0.2.0
root/Reference Preparation v.0.6[20]	6	Pick parameter value	toolshed.g2.bx.psu.edu/repos/iuc/pick_value/pick_value/0.2.0	0.2.0
root/De novo assembly v.0.8[23]	18	QualiMap BamQC	toolshed.g2.bx.psu.edu/repos/iuc/qualimap_bamqc/qualimap_bamqc/2.3+galaxy0	2.3+galaxy0
root/Mapping with BW-MEM v.0.4[22]	10	QualiMap BamQC	toolshed.g2.bx.psu.edu/repos/iuc/qualimap_bamqc/qualimap_bamqc/2.3+galaxy0	2.3+galaxy0
root/De novo assembly v.0.8[23]	8	Quast	toolshed.g2.bx.psu.edu/repos/iuc/quast/quast/5.3.0+galaxy1	5.3.0+galaxy1
root/De novo assembly v.0.8[23]	11	Quast	toolshed.g2.bx.psu.edu/repos/iuc/quast/quast/5.3.0+galaxy1	5.3.0+galaxy1
root/Call variants with lofreq v.0.1[25]	6	Realign reads	toolshed.g2.bx.psu.edu/repos/iuc/lofreq_viterbi/lofreq_viterbi/2.1.5+galaxy0	2.1.5+galaxy0
root/Consensus creation with ivar v.0.3[27]	11	Relabel identifiers	__RELABEL_FROM_FILE__	1.1.0
root/Consensus creation with ivar v.0.3[27]	10	Replace	toolshed.g2.bx.psu.edu/repos/bgruening/text_processing/tp_find_and_replace/9.5+galaxy3	9.5+galaxy3
root/De novo assembly v.0.8[23]	9	SPAdes	toolshed.g2.bx.psu.edu/repos/nml/spades/spades/4.3.0+galaxy1	4.3.0+galaxy1
root/Mapping with BW-MEM v.0.4[22]/Extract fastq v.0.2[12]	1	Samtools sort	toolshed.g2.bx.psu.edu/repos/devteam/samtools_sort/samtools_sort/2.0.8	2.0.8
root/Call variants with ivar v.0.2[26]	8	Samtools view	toolshed.g2.bx.psu.edu/repos/iuc/samtools_view/samtools_view/1.22+galaxy2	1.22+galaxy2
root/Consensus creation with ivar for de novo v.0.4[29]	5	Samtools view	toolshed.g2.bx.psu.edu/repos/iuc/samtools_view/samtools_view/1.22+galaxy2	1.22+galaxy2
root/Consensus creation with ivar v.0.3[27]	5	Samtools view	toolshed.g2.bx.psu.edu/repos/iuc/samtools_view/samtools_view/1.22+galaxy2	1.22+galaxy2
root/De novo assembly v.0.8[23]	17	Samtools view	toolshed.g2.bx.psu.edu/repos/iuc/samtools_view/samtools_view/1.22+galaxy2	1.22+galaxy2
root/Mapping with BW-MEM v.0.4[22]	9	Samtools view	toolshed.g2.bx.psu.edu/repos/iuc/samtools_view/samtools_view/1.22+galaxy2	1.22+galaxy2
root/Reference Preparation v.0.6[20]/Bed for masking v.0.4[5]	7	Select first	toolshed.g2.bx.psu.edu/repos/bgruening/text_processing/tp_head_tool/1.1.0	1.1.0
root/Reference Preparation v.0.6[20]/Bed for masking v.0.4[5]	8	Select first	toolshed.g2.bx.psu.edu/repos/bgruening/text_processing/tp_head_tool/1.1.0	1.1.0
root/Reference Preparation v.0.6[20]/Bed for masking v.0.4[5]	9	Select first	toolshed.g2.bx.psu.edu/repos/bgruening/text_processing/tp_head_tool/1.1.0	1.1.0
root/Reference Preparation v.0.6[20]/Bed for masking v.0.4[5]	16	Select first	toolshed.g2.bx.psu.edu/repos/bgruening/text_processing/tp_head_tool/1.1.0	1.1.0
root/Build SnpEff db[19]	4	SnpEff build:	toolshed.g2.bx.psu.edu/repos/iuc/snpeff/snpEff_build_gb/5.4+galaxy0	5.4+galaxy0
root/Call variants with ivar v.0.2[26]	12	SnpEff eff:	toolshed.g2.bx.psu.edu/repos/iuc/snpeff/snpEff/5.4+galaxy0	5.4+galaxy0
root/Call variants with ivar v.0.2[26]	13	SnpSift Extract Fields	toolshed.g2.bx.psu.edu/repos/iuc/snpsift/snpSift_extractFields/4.3+t.galaxy0	4.3+t.galaxy0
root/Call variants with ivar v.0.2[26]	16	SnpSift Extract Fields	toolshed.g2.bx.psu.edu/repos/iuc/snpsift/snpSift_extractFields/4.3+t.galaxy0	4.3+t.galaxy0
root/Reference Preparation v.0.6[20]/Bed for masking v.0.4[5]	5	Sort	toolshed.g2.bx.psu.edu/repos/bgruening/text_processing/tp_sort_header_tool/1.1.1	1.1.1
root/Reference Preparation v.0.6[20]/Bed for masking v.0.4[5]	6	Sort	toolshed.g2.bx.psu.edu/repos/bgruening/text_processing/tp_sort_header_tool/1.1.1	1.1.1
root/Consensus creation with ivar for de novo v.0.4[29]	6	Split BAM by reference	toolshed.g2.bx.psu.edu/repos/iuc/bamtools_split_ref/bamtools_split_ref/2.5.2+galaxy2	2.5.2+galaxy2
root/Consensus creation with ivar v.0.3[27]	6	Split BAM by reference	toolshed.g2.bx.psu.edu/repos/iuc/bamtools_split_ref/bamtools_split_ref/2.5.2+galaxy2	2.5.2+galaxy2
root/Reference Preparation v.0.6[20]	4	Split by group	toolshed.g2.bx.psu.edu/repos/bgruening/split_file_on_column/tp_split_on_column/0.6	0.6
root/Basic metagenomics v.0.1[24]	5	Visualize  with Krona	toolshed.g2.bx.psu.edu/repos/saskia-hiltemann/krona_text/krona-text/1	1
root/Mapping with BW-MEM v.0.4[22]/Extract fastq v.0.2[12]	3	Zip collections	__ZIP_COLLECTION__	1.0.0
root/Call variants with ivar v.0.2[26]	11	bcftools norm	toolshed.g2.bx.psu.edu/repos/iuc/bcftools_norm/bcftools_norm/1.24+galaxy0	1.24+galaxy0
root/Call variants with lofreq v.0.1[25]	10	bcftools norm	toolshed.g2.bx.psu.edu/repos/iuc/bcftools_norm/bcftools_norm/1.24+galaxy0	1.24+galaxy0
root/Mapping with BW-MEM v.0.4[22]/Extract fastq v.0.2[12]	2	bedtools Convert from BAM to FastQ	toolshed.g2.bx.psu.edu/repos/iuc/bedtools/bedtools_bamtofastq/2.27.1	2.27.1
root/Reference Preparation v.0.6[20]/Bed for masking v.0.4[5]	21	bedtools MaskFastaBed	toolshed.g2.bx.psu.edu/repos/iuc/bedtools/bedtools_maskfastabed/2.31.1	2.31.1
root/De novo assembly v.0.8[23]	13	cap3	toolshed.g2.bx.psu.edu/repos/artbio/cap3/cap3/2.0.0	2.0.0
root/Fastq paired end QC v.0.1[21]	3	fastp	toolshed.g2.bx.psu.edu/repos/iuc/fastp/fastp/1.3.6+galaxy0	1.3.6+galaxy0
root/Consensus creation with ivar for de novo v.0.4[29]	7	ivar consensus	toolshed.g2.bx.psu.edu/repos/iuc/ivar_consensus/ivar_consensus/1.4.4+galaxy0	1.4.4+galaxy0
root/Consensus creation with ivar v.0.3[27]	13	ivar consensus	toolshed.g2.bx.psu.edu/repos/iuc/ivar_consensus/ivar_consensus/1.4.4+galaxy0	1.4.4+galaxy0
root/Mapping with BW-MEM v.0.4[22]	11	ivar trim	toolshed.g2.bx.psu.edu/repos/iuc/ivar_trim/ivar_trim/1.4.4+galaxy1	1.4.4+galaxy1
root/Call variants with ivar v.0.2[26]	9	ivar variants	toolshed.g2.bx.psu.edu/repos/iuc/ivar_variants/ivar_variants/1.4.4+galaxy0	1.4.4+galaxy0
root/Reference Preparation v.0.6[20]/Bed for masking v.0.4[5]	10	seqtk_subseq	toolshed.g2.bx.psu.edu/repos/iuc/seqtk/seqtk_subseq/1.5+galaxy0	1.5+galaxy0
